{
  "hash": "835f775c",
  "configHash": "23474e8b",
  "lockfileHash": "6b2231db",
  "browserHash": "da35fb4b",
  "optimized": {
    "@angular/core": {
      "src": "../../../../../../node_modules/@angular/core/fesm2022/core.mjs",
      "file": "@angular_core.js",
      "fileHash": "794835ed",
      "needsInterop": false
    },
    "@angular/platform-browser": {
      "src": "../../../../../../node_modules/@angular/platform-browser/fesm2022/platform-browser.mjs",
      "file": "@angular_platform-browser.js",
      "fileHash": "6f9da088",
      "needsInterop": false
    },
    "@angular/router": {
      "src": "../../../../../../node_modules/@angular/router/fesm2022/router.mjs",
      "file": "@angular_router.js",
      "fileHash": "ece410d8",
      "needsInterop": false
    },
    "@angular/common": {
      "src": "../../../../../../node_modules/@angular/common/fesm2022/common.mjs",
      "file": "@angular_common.js",
      "fileHash": "946a71c1",
      "needsInterop": false
    },
    "@angular/material/card": {
      "src": "../../../../../../node_modules/@angular/material/fesm2022/card.mjs",
      "file": "@angular_material_card.js",
      "fileHash": "caff59c4",
      "needsInterop": false
    },
    "@angular/material/input": {
      "src": "../../../../../../node_modules/@angular/material/fesm2022/input.mjs",
      "file": "@angular_material_input.js",
      "fileHash": "642b7105",
      "needsInterop": false
    },
    "@angular/material/button": {
      "src": "../../../../../../node_modules/@angular/material/fesm2022/button.mjs",
      "file": "@angular_material_button.js",
      "fileHash": "da37dddf",
      "needsInterop": false
    },
    "@angular/material/checkbox": {
      "src": "../../../../../../node_modules/@angular/material/fesm2022/checkbox.mjs",
      "file": "@angular_material_checkbox.js",
      "fileHash": "706afe46",
      "needsInterop": false
    },
    "@angular/material/divider": {
      "src": "../../../../../../node_modules/@angular/material/fesm2022/divider.mjs",
      "file": "@angular_material_divider.js",
      "fileHash": "60fd8975",
      "needsInterop": false
    },
    "@angular/material/icon": {
      "src": "../../../../../../node_modules/@angular/material/fesm2022/icon.mjs",
      "file": "@angular_material_icon.js",
      "fileHash": "d2e28aa8",
      "needsInterop": false
    },
    "@angular/forms": {
      "src": "../../../../../../node_modules/@angular/forms/fesm2022/forms.mjs",
      "file": "@angular_forms.js",
      "fileHash": "603e20f5",
      "needsInterop": false
    },
    "@angular/cdk/bidi": {
      "src": "../../../../../../node_modules/@angular/cdk/fesm2022/bidi.mjs",
      "file": "@angular_cdk_bidi.js",
      "fileHash": "eecbbe74",
      "needsInterop": false
    },
    "@angular/cdk/text-field": {
      "src": "../../../../../../node_modules/@angular/cdk/fesm2022/text-field.mjs",
      "file": "@angular_cdk_text-field.js",
      "fileHash": "5d3d4eac",
      "needsInterop": false
    }
  },
  "chunks": {
    "chunk-BQVRFVCY": {
      "file": "chunk-BQVRFVCY.js"
    },
    "chunk-XEKJXH34": {
      "file": "chunk-XEKJXH34.js"
    },
    "chunk-WSFB6NVZ": {
      "file": "chunk-WSFB6NVZ.js"
    },
    "chunk-AGZFHLKA": {
      "file": "chunk-AGZFHLKA.js"
    },
    "chunk-KTI4VMR4": {
      "file": "chunk-KTI4VMR4.js"
    },
    "chunk-UB2QXY37": {
      "file": "chunk-UB2QXY37.js"
    },
    "chunk-FXHCJX37": {
      "file": "chunk-FXHCJX37.js"
    },
    "chunk-DVLVNFV2": {
      "file": "chunk-DVLVNFV2.js"
    },
    "chunk-CRFV3EIQ": {
      "file": "chunk-CRFV3EIQ.js"
    },
    "chunk-45BQCSVH": {
      "file": "chunk-45BQCSVH.js"
    },
    "chunk-XOV525BM": {
      "file": "chunk-XOV525BM.js"
    }
  }
}